{"kl_div_reconstructed": [[0.00627899169921875, 0.0152130126953125, 0.0157623291015625, 0.0218658447265625, 0.019561767578125, 0.019561767578125, 0.0209197998046875, 0.0211334228515625, 0.0230712890625, 0.0214691162109375, 0.0200958251953125, 0.0188140869140625, 0.017669677734375, 0.018951416015625, 0.0178985595703125], [0.0014925003051757812, 0.0016937255859375, 0.0014448165893554688, 0.003421783447265625, 0.004650115966796875, 0.00447845458984375, 0.004253387451171875, 0.003963470458984375, 0.0038776397705078125, 0.0037441253662109375, 0.0045928955078125, 0.004909515380859375, 0.005096435546875, 0.0050811767578125, 0.0055999755859375], [0.03607177734375, 0.0306854248046875, 0.0311431884765625, 0.038238525390625, 0.03338623046875, 0.030731201171875, 0.039794921875, 0.07440185546875, 0.07476806640625, 0.06915283203125, 0.06646728515625, 0.06536865234375, 0.062225341796875, 0.059844970703125, 0.057342529296875], [0.005218505859375, 0.018218994140625, 0.01531982421875, 0.0144500732421875, 0.01302337646484375, 0.01267242431640625, 0.016143798828125, 0.01824951171875, 0.0190887451171875, 0.0228424072265625, 0.0218505859375, 0.02191162109375, 0.021820068359375, 0.0203857421875, 0.0194549560546875], [0.0035247802734375, 0.004741668701171875, 0.01338958740234375, 0.01155853271484375, 0.011444091796875, 0.0113677978515625, 0.01427459716796875, 0.01502227783203125, 0.014434814453125, 0.01453399658203125, 0.0145721435546875, 0.0146636962890625, 0.01477813720703125, 0.01407623291015625, 0.01404571533203125]], "kl_div_simulated_quantile": [[0.017608642578125, 0.08660888671875, 0.0228271484375, 0.031158447265625, 0.03125, 0.081787109375, 0.03631591796875, 0.033233642578125, 0.037628173828125, 0.94970703125, 0.032379150390625, 0.032806396484375, 0.48779296875, 0.0355224609375, 0.028594970703125], [0.006580352783203125, 0.034332275390625, 0.0027866363525390625, 0.0039215087890625, 0.3544921875, 0.81396484375, 0.00461578369140625, 0.005802154541015625, 0.004497528076171875, 0.004795074462890625, 0.030120849609375, 0.46240234375, 0.006420135498046875, 0.055145263671875, 0.006618499755859375], [0.1702880859375, 0.05975341796875, 0.053375244140625, 0.05908203125, 0.0526123046875, 0.047332763671875, 0.055755615234375, 0.09576416015625, 0.09552001953125, 0.0908203125, 0.08514404296875, 0.08184814453125, 0.0789794921875, 0.2449951171875, 0.072509765625], [2.9453125, 0.269775390625, 0.02801513671875, 0.03131103515625, 0.022064208984375, 0.0206146240234375, 0.0296173095703125, 0.338134765625, 0.654296875, 0.040496826171875, 0.033935546875, 0.0345458984375, 0.059326171875, 0.04205322265625, 0.029296875], [0.48974609375, 0.0118408203125, 0.01104736328125, 0.0179290771484375, 0.3544921875, 0.146728515625, 0.0193634033203125, 0.0220794677734375, 0.8466796875, 0.0214080810546875, 0.02362060546875, 0.0201873779296875, 0.0200347900390625, 0.01898193359375, 0.1429443359375]], "kl_div_simulated_top": [[0.00861358642578125, 0.162841796875, 0.06988525390625, 0.031951904296875, 0.032135009765625, 0.037811279296875, 0.0726318359375, 0.0325927734375, 0.03704833984375, 0.9677734375, 0.032440185546875, 0.59130859375, 0.0289459228515625, 0.0299224853515625, 0.02862548828125], [0.00823974609375, 0.011474609375, 0.163818359375, 0.0107421875, 0.40771484375, 0.92724609375, 0.39697265625, 0.006603240966796875, 0.49755859375, 0.01178741455078125, 0.049468994140625, 0.5, 0.007030487060546875, 0.08013916015625, 0.00620269775390625], [0.044891357421875, 0.057281494140625, 0.053375244140625, 0.05865478515625, 0.05340576171875, 0.047393798828125, 0.05499267578125, 0.08770751953125, 0.09515380859375, 0.0908203125, 0.0853271484375, 0.08221435546875, 0.0791015625, 0.222900390625, 0.07281494140625], [0.05487060546875, 0.184814453125, 0.1610107421875, 0.02490234375, 0.02203369140625, 0.021575927734375, 0.06646728515625, 0.362548828125, 0.6181640625, 0.03973388671875, 0.039276123046875, 0.033355712890625, 0.043670654296875, 0.06048583984375, 0.0291290283203125], [0.01119232177734375, 0.0170440673828125, 0.016510009765625, 0.0178375244140625, 0.02197265625, 0.0628662109375, 0.02008056640625, 0.67919921875, 0.80810546875, 0.020416259765625, 0.024322509765625, 0.02001953125, 0.019927978515625, 0.0189971923828125, 0.022705078125]], "kl_div_random": [[1.9990234375, 0.36181640625, 0.4150390625, 0.73046875, 0.1292724609375, 0.1270751953125, 0.0758056640625, 0.365478515625, 0.412841796875, 0.736328125, 0.438720703125, 0.43212890625, 0.658203125, 0.20751953125, 0.71240234375], [1.8984375, 0.85986328125, 0.51806640625, 0.5390625, 0.66650390625, 0.90771484375, 0.65478515625, 0.4111328125, 0.6337890625, 0.92041015625, 0.0826416015625, 0.324951171875, 0.63037109375, 0.23583984375, 0.11029052734375], [2.21875, 0.37353515625, 0.76171875, 0.734375, 0.2861328125, 0.697265625, 0.33349609375, 0.1944580078125, 0.77587890625, 0.36865234375, 0.448486328125, 0.33544921875, 0.147705078125, 0.212646484375, 0.307861328125], [2.791015625, 1.6796875, 0.54345703125, 0.2017822265625, 0.278076171875, 0.75244140625, 0.130859375, 0.32373046875, 0.81591796875, 0.396240234375, 0.33154296875, 0.09234619140625, 0.3408203125, 0.313720703125, 0.09515380859375], [1.205078125, 1.59375, 1.1484375, 0.362548828125, 0.59765625, 0.194580078125, 0.18017578125, 0.65966796875, 0.67919921875, 0.50732421875, 0.481689453125, 0.1778564453125, 0.375244140625, 0.206787109375, 0.187744140625]]}